,danceability,energy,key,loudness,mode,speechiness,acousticness,instrumentalness,liveness,valence,tempo,duration_ms,time_signature
0,-0.6194339189298569,0.3639708488928443,-1.472375590842158,0.46280262681854584,0.6698136265385563,-0.4859181716360087,1.6388187351185444,-0.4545933998003847,-0.011841478794330828,-0.03534245297659162,-0.9793329759034951,1.5500003516648189,0.20205803483262105
1,-0.6002447577686753,1.0434985927916103,-1.1919327642959832,-0.15781154982615817,0.6698136265385563,-0.20043439513552386,-0.9051744188596015,-0.3905739471064738,-0.3372582207176095,0.7974398255782704,-0.17599594409832273,0.7485871587558686,0.20205803483262105
2,-1.3742075912696643,-0.8993765059611991,-0.35060428465745846,-1.6143260823081316,-1.492952607082319,0.09489364952015006,0.10404485667028246,-0.45417450708522705,4.665226596299068,-1.5502130739668651,1.5513350814556888,1.1741047125910333,0.20205803483262105
3,-1.1567304314429399,-1.1099343984368732,-1.1919327642959832,-0.6987216206037867,0.6698136265385563,-0.37599051056973004,-0.6191433790248395,-0.4544930236214696,-0.6492754497381652,-0.9315748098975387,0.44736111947421586,-0.20706388500117212,0.20205803483262105
4,-0.3891639849956781,0.5314600815439487,1.332052674619591,-0.6751791266999889,0.6698136265385563,0.48866437572771515,1.652739586623744,-0.45434838708019815,0.8048907362288003,1.5945314350522097,1.670874849307284,-0.8873827888631133,0.20205803483262105
